-- =============================================
-- 02_master_data.sql
-- SupportDesk - Master Data
-- =============================================
USE supportdesk_db;

-- PRODUCTS
INSERT INTO products (product_id,product_name,category,launch_date,status) VALUES
('MOKO-001','Moko Reporting','Reporting','2024-01-15','Active'),
('MOKO-002','Moko Management','Administration','2024-04-10','Active'),
('MOKO-003','Moko Remote Assist','Remote Support','2025-02-20','Active'),
('MOKO-004','Moko Device Management','Endpoint Management','2025-08-05','Active'),
('MOKO-005','Moko AI Ticketing','Artificial Intelligence','2026-03-01','Active');

-- MODULES
INSERT INTO modules (module_id,product_id,module_name,module_description) VALUES
('MOD-001','MOKO-001','Dashboard','Dashboard Module'),
('MOD-002','MOKO-001','Report Builder','Report Builder Module'),
('MOD-003','MOKO-001','Scheduled Reports','Scheduled Reports Module'),
('MOD-004','MOKO-001','Alerts','Alerts Module'),
('MOD-005','MOKO-001','Export Center','Export Center Module'),
('MOD-006','MOKO-002','User Management','User Management Module'),
('MOD-007','MOKO-002','Role Management','Role Management Module'),
('MOD-008','MOKO-002','Organization Settings','Organization Settings Module'),
('MOD-009','MOKO-002','License Management','License Management Module'),
('MOD-010','MOKO-002','Audit Logs','Audit Logs Module'),
('MOD-011','MOKO-003','Remote Session','Remote Session Module'),
('MOD-012','MOKO-003','File Transfer','File Transfer Module'),
('MOD-013','MOKO-003','Screen Sharing','Screen Sharing Module'),
('MOD-014','MOKO-003','Session Recording','Session Recording Module'),
('MOD-015','MOKO-003','Chat','Chat Module'),
('MOD-016','MOKO-004','Device Inventory','Device Inventory Module'),
('MOD-017','MOKO-004','Software Deployment','Software Deployment Module'),
('MOD-018','MOKO-004','Patch Management','Patch Management Module'),
('MOD-019','MOKO-004','Compliance','Compliance Module'),
('MOD-020','MOKO-004','Asset Tracking','Asset Tracking Module'),
('MOD-021','MOKO-005','AI Classification','AI Classification Module'),
('MOD-022','MOKO-005','Auto Assignment','Auto Assignment Module'),
('MOD-023','MOKO-005','Sentiment Analysis','Sentiment Analysis Module'),
('MOD-024','MOKO-005','Knowledge Suggestions','Knowledge Suggestions Module'),
('MOD-025','MOKO-005','AI Chatbot','AI Chatbot Module');

-- SLA RULES
INSERT INTO sla_rules (sla_id,priority,response_hours,resolution_hours) VALUES
('SLA-001','Low',24,72),
('SLA-002','Medium',12,48),
('SLA-003','High',4,24),
('SLA-004','Critical',1,8);

-- ENGINEERS
INSERT INTO engineers (engineer_id,engineer_name,email,specialization,experience_years,location,joining_date,status) VALUES
('E-001','Arjun Kumar','arjun.kumar@mokoenterprise.com','Moko Reporting',3,'Chennai','2022-01-01','Active'),
('E-002','Priya Nair','priya.nair@mokoenterprise.com','Moko Management',4,'Bengaluru','2022-01-01','Active'),
('E-003','Rahul Sharma','rahul.sharma@mokoenterprise.com','Moko Remote Assist',5,'Hyderabad','2022-01-01','Active'),
('E-004','Sneha Reddy','sneha.reddy@mokoenterprise.com','Moko Device Management',6,'Pune','2022-01-01','Active'),
('E-005','Karthik S','karthik.s@mokoenterprise.com','Moko AI Ticketing',7,'Noida','2022-01-01','Active'),
('E-006','Divya Menon','divya.menon@mokoenterprise.com','Moko Reporting',8,'Chennai','2022-01-01','Active'),
('E-007','Vignesh R','vignesh.r@mokoenterprise.com','Moko Management',9,'Bengaluru','2022-01-01','Active'),
('E-008','Naveen Kumar','naveen.kumar@mokoenterprise.com','Moko Remote Assist',2,'Hyderabad','2022-01-01','Active'),
('E-009','Harish K','harish.k@mokoenterprise.com','Moko Device Management',3,'Pune','2022-01-01','Active'),
('E-010','Aishwarya P','aishwarya.p@mokoenterprise.com','Moko AI Ticketing',4,'Noida','2022-01-01','Active'),
('E-011','Sanjay R','sanjay.r@mokoenterprise.com','Moko Reporting',5,'Chennai','2022-01-01','Active'),
('E-012','Meera Iyer','meera.iyer@mokoenterprise.com','Moko Management',6,'Bengaluru','2022-01-01','Active'),
('E-013','Ashwin P','ashwin.p@mokoenterprise.com','Moko Remote Assist',7,'Hyderabad','2022-01-01','Active'),
('E-014','Rohit Jain','rohit.jain@mokoenterprise.com','Moko Device Management',8,'Pune','2022-01-01','Active'),
('E-015','Keerthi S','keerthi.s@mokoenterprise.com','Moko AI Ticketing',9,'Noida','2022-01-01','Active'),
('E-016','Bala M','bala.m@mokoenterprise.com','Moko Reporting',2,'Chennai','2022-01-01','Active'),
('E-017','Nithya V','nithya.v@mokoenterprise.com','Moko Management',3,'Bengaluru','2022-01-01','Active'),
('E-018','Surya P','surya.p@mokoenterprise.com','Moko Remote Assist',4,'Hyderabad','2022-01-01','Active'),
('E-019','Akash G','akash.g@mokoenterprise.com','Moko Device Management',5,'Pune','2022-01-01','Active'),
('E-020','Deepa R','deepa.r@mokoenterprise.com','Moko AI Ticketing',6,'Noida','2022-01-01','Active'),
('E-021','Manoj T','manoj.t@mokoenterprise.com','Moko Reporting',7,'Chennai','2022-01-01','Active'),
('E-022','Rakesh V','rakesh.v@mokoenterprise.com','Moko Management',8,'Bengaluru','2022-01-01','Active'),
('E-023','Lavanya K','lavanya.k@mokoenterprise.com','Moko Remote Assist',9,'Hyderabad','2022-01-01','Active'),
('E-024','Pranav S','pranav.s@mokoenterprise.com','Moko Device Management',2,'Pune','2022-01-01','Active'),
('E-025','Varun N','varun.n@mokoenterprise.com','Moko AI Ticketing',3,'Noida','2022-01-01','Active');

-- CUSTOMERS
INSERT INTO customers (customer_id,company_name,industry,country,contact_name,contact_email,subscription_plan) VALUES
('C-001','Pioneer Networks','Retail','Norway','Sneha Taylor (+47 735 398 1212)','sneha.taylor@pioneernetworks.com','Basic'),
('C-002','Vision Industries','Technology','Japan','James Anderson (+81 763 672 7023)','james.anderson@visionindustries.com','Enterprise'),
('C-003','Velocity Group','Healthcare','Singapore','Olivia Walker (+65 991 346 3195)','olivia.walker@velocitygroup.com','Basic'),
('C-004','Skyline Logistics','Automotive','United States','Priya Walker (+1 410 752 8008)','priya.walker@skylinelogistics.com','Basic'),
('C-005','Global Finance','Technology','Switzerland','Priya Taylor (+41 337 862 8347)','priya.taylor@globalfinance.com','Professional'),
('C-006','GreenLeaf Airways','Logistics','Mexico','Isabella Wilson (+52 286 220 8504)','isabella.wilson@greenleafairways.com','Basic'),
('C-007','Atlas Enterprises','Banking','Saudi Arabia','Akash Taylor (+966 788 338 1282)','akash.taylor@atlasenterprises.com','Professional'),
('C-008','Nimbus Energy','Education','Singapore','Isabella Patel (+65 318 446 8466)','isabella.patel@nimbusenergy.com','Basic'),
('C-009','Vertex Group','Manufacturing','United Kingdom','Noah Brown (+44 766 184 2349)','noah.brown@vertexgroup.com','Professional'),
('C-010','Zenith Enterprises','Healthcare','Norway','Priya Miller (+47 242 957 7975)','priya.miller@zenithenterprises.com','Enterprise'),
('C-011','Summit Systems','Healthcare','UAE','Ethan Kumar (+971 695 635 3124)','ethan.kumar@summitsystems.com','Enterprise'),
('C-012','Prime Holdings','Logistics','Switzerland','William Nair (+41 897 179 1923)','william.nair@primeholdings.com','Professional'),
('C-013','Prime Logistics','Automotive','United States','Rahul Taylor (+1 971 798 6360)','rahul.taylor@primelogistics.com','Basic'),
('C-014','Quantum Holdings','Aviation','UAE','Sofia Sharma (+971 790 381 8240)','sofia.sharma@quantumholdings.com','Enterprise'),
('C-015','Pioneer Energy','Technology','Australia','Sofia Wilson (+61 437 403 8627)','sofia.wilson@pioneerenergy.com','Enterprise'),
('C-016','BluePeak Labs','Healthcare','United Kingdom','Emma Evans (+44 628 137 2830)','emma.evans@bluepeaklabs.com','Enterprise'),
('C-017','Synergy Solutions','Banking','South Africa','Kenji Bennett (+27 301 113 6943)','kenji.bennett@synergysolutions.com','Professional'),
('C-018','Velocity Industries','Manufacturing','Norway','Kenji Walker (+47 484 195 1865)','kenji.walker@velocityindustries.com','Enterprise'),
('C-019','Aurora Networks','Technology','UAE','Kenji Bennett (+971 429 406 1885)','kenji.bennett@auroranetworks.com','Basic'),
('C-020','Apex Technologies','Manufacturing','Switzerland','Fatima Walker (+41 680 428 8761)','fatima.walker@apextechnologies.com','Basic'),
('C-021','Nexus Solutions','Logistics','Germany','Fatima Carter (+49 338 543 9765)','fatima.carter@nexussolutions.com','Basic'),
('C-022','Nimbus Foods','Automotive','Singapore','Noah Wilson (+65 789 990 7643)','noah.wilson@nimbusfoods.com','Professional'),
('C-023','Nova Retail','Logistics','Germany','Ethan Walker (+49 961 101 7919)','ethan.walker@novaretail.com','Professional'),
('C-024','GreenLeaf Manufacturing','Retail','Switzerland','Rahul Anderson (+41 540 916 7761)','rahul.anderson@greenleafmanufacturing.com','Professional'),
('C-025','NorthStar Healthcare','Telecom','New Zealand','Lucas Silva (+64 663 730 3824)','lucas.silva@northstarhealthcare.com','Basic'),
('C-026','Nexus Foods','Banking','Germany','Noah Singh (+49 976 952 5853)','noah.singh@nexusfoods.com','Enterprise'),
('C-027','Sterling Logistics','Logistics','Saudi Arabia','Noah Evans (+966 386 555 2215)','noah.evans@sterlinglogistics.com','Enterprise'),
('C-028','Fusion Airways','Automotive','Germany','Charlotte Anderson (+49 578 923 6313)','charlotte.anderson@fusionairways.com','Professional'),
('C-029','Aurora Technologies','Technology','Canada','Arjun Taylor (+1 662 696 7821)','arjun.taylor@auroratechnologies.com','Professional'),
('C-030','Zenith Technologies','Automotive','Brazil','Maria Kim (+55 964 970 5182)','maria.kim@zenithtechnologies.com','Professional'),
('C-031','Aurora Retail','Technology','Saudi Arabia','Ava Johnson (+966 220 121 8021)','ava.johnson@auroraretail.com','Basic'),
('C-032','Velocity Systems','Banking','UAE','Arjun Anderson (+971 690 983 6452)','arjun.anderson@velocitysystems.com','Professional'),
('C-033','Sterling Energy','Education','France','Lucas Bennett (+33 494 809 5562)','lucas.bennett@sterlingenergy.com','Enterprise'),
('C-034','Global Airways','Manufacturing','France','Oliver Kumar (+33 428 102 1396)','oliver.kumar@globalairways.com','Professional'),
('C-035','Sterling Motors','Healthcare','India','James Bennett (+91 902 412 8718)','james.bennett@sterlingmotors.com','Basic'),
('C-036','Core Holdings','Telecom','South Africa','Sofia Carter (+27 412 374 2707)','sofia.carter@coreholdings.com','Enterprise'),
('C-037','Orbit Labs','Telecom','Germany','Akash Kumar (+49 983 174 4315)','akash.kumar@orbitlabs.com','Basic'),
('C-038','Nexus Networks','Aviation','Mexico','Priya Kim (+52 510 172 4332)','priya.kim@nexusnetworks.com','Basic'),
('C-039','Sterling Finance','Banking','UAE','Fatima Tanaka (+971 925 773 3113)','fatima.tanaka@sterlingfinance.com','Basic'),
('C-040','Global Systems','Aviation','France','Ava Tanaka (+33 727 230 3643)','ava.tanaka@globalsystems.com','Enterprise'),
('C-041','Quantum Systems','Automotive','Australia','Liam Tanaka (+61 274 401 9532)','liam.tanaka@quantumsystems.com','Enterprise'),
('C-042','Vision Group','Technology','Germany','Noah Sharma (+49 277 922 2565)','noah.sharma@visiongroup.com','Basic'),
('C-043','Apex Holdings','Manufacturing','Japan','Sneha Garcia (+81 348 627 5221)','sneha.garcia@apexholdings.com','Basic'),
('C-044','Everest Motors','Logistics','Sweden','Oliver Wilson (+46 475 932 1490)','oliver.wilson@everestmotors.com','Professional'),
('C-045','Vision Foods','Manufacturing','France','Isabella Anderson (+33 913 979 4143)','isabella.anderson@visionfoods.com','Basic'),
('C-046','Summit Labs','Aviation','Brazil','Maria Evans (+55 631 889 7617)','maria.evans@summitlabs.com','Basic'),
('C-047','Fusion Solutions','Manufacturing','Netherlands','Ahmed Carter (+31 986 436 3525)','ahmed.carter@fusionsolutions.com','Basic'),
('C-048','Nova Energy','Aviation','South Korea','Oliver Kim (+82 837 534 2325)','oliver.kim@novaenergy.com','Enterprise'),
('C-049','Summit Finance','Logistics','Singapore','Isabella Evans (+65 230 397 7816)','isabella.evans@summitfinance.com','Enterprise'),
('C-050','Vision Logistics','Technology','Netherlands','Carlos Brown (+31 202 479 4092)','carlos.brown@visionlogistics.com','Enterprise'),
('C-051','Summit Digital','Retail','South Korea','Maria Taylor (+82 948 325 1937)','maria.taylor@summitdigital.com','Enterprise'),
('C-052','GreenLeaf Labs','Banking','United Kingdom','Rahul Walker (+44 814 262 7176)','rahul.walker@greenleaflabs.com','Professional'),
('C-053','Vertex Motors','Healthcare','South Korea','Ahmed Nair (+82 809 311 2096)','ahmed.nair@vertexmotors.com','Enterprise'),
('C-054','Aurora Corporation','Healthcare','Singapore','Emma Garcia (+65 579 633 1007)','emma.garcia@auroracorporation.com','Enterprise'),
('C-055','Atlas Digital','Manufacturing','South Africa','Liam Johnson (+27 930 737 3846)','liam.johnson@atlasdigital.com','Enterprise'),
('C-056','Orbit Corporation','Manufacturing','UAE','Akash Tanaka (+971 503 703 5829)','akash.tanaka@orbitcorporation.com','Professional'),
('C-057','Nimbus Technologies','Manufacturing','UAE','Ava Patel (+971 465 172 1012)','ava.patel@nimbustechnologies.com','Basic'),
('C-058','Pioneer Manufacturing','Retail','Mexico','Keerthi Kumar (+52 862 602 1742)','keerthi.kumar@pioneermanufacturing.com','Professional'),
('C-059','Summit Foods','Telecom','South Korea','Carlos Anderson (+82 742 160 2838)','carlos.anderson@summitfoods.com','Enterprise'),
('C-060','Prime Group','Education','France','Rahul Anderson (+33 777 497 9887)','rahul.anderson@primegroup.com','Enterprise'),
('C-061','Everest Systems','Healthcare','Switzerland','Emma Kumar (+41 745 394 1358)','emma.kumar@everestsystems.com','Professional'),
('C-062','NorthStar Retail','Automotive','South Africa','Kenji Anderson (+27 301 172 1650)','kenji.anderson@northstarretail.com','Basic'),
('C-063','Aurora Logistics','Aviation','Germany','Maria Nair (+49 314 459 6278)','maria.nair@auroralogistics.com','Basic'),
('C-064','Orbit Solutions','Technology','United States','Mia Wilson (+1 996 775 4848)','mia.wilson@orbitsolutions.com','Basic'),
('C-065','Zenith Networks','Automotive','Japan','Fatima Taylor (+81 427 976 8028)','fatima.taylor@zenithnetworks.com','Basic'),
('C-066','Sterling Systems','Healthcare','New Zealand','Kenji Taylor (+64 227 778 7599)','kenji.taylor@sterlingsystems.com','Enterprise'),
('C-067','GreenLeaf Technologies','Banking','Australia','Oliver Reddy (+61 664 965 7943)','oliver.reddy@greenleaftechnologies.com','Professional'),
('C-068','Nexus Group','Banking','India','Fatima Kim (+91 877 667 2560)','fatima.kim@nexusgroup.com','Enterprise'),
('C-069','Nimbus Logistics','Automotive','New Zealand','Charlotte Carter (+64 339 684 6172)','charlotte.carter@nimbuslogistics.com','Basic'),
('C-070','Nexus Manufacturing','Technology','UAE','Charlotte Carter (+971 299 864 3235)','charlotte.carter@nexusmanufacturing.com','Enterprise'),
('C-071','Zenith Labs','Aviation','France','Carlos Anderson (+33 534 565 2944)','carlos.anderson@zenithlabs.com','Professional'),
('C-072','Orbit Group','Banking','Japan','James Miller (+81 228 654 4453)','james.miller@orbitgroup.com','Basic'),
('C-073','Nimbus Airways','Telecom','Germany','James Kumar (+49 613 379 8665)','james.kumar@nimbusairways.com','Enterprise'),
('C-074','Fusion Labs','Banking','United Kingdom','Carlos Singh (+44 608 361 7962)','carlos.singh@fusionlabs.com','Enterprise'),
('C-075','Prime Technologies','Aviation','France','Sneha Bennett (+33 823 522 3615)','sneha.bennett@primetechnologies.com','Enterprise'),
('C-076','Skyline Group','Healthcare','UAE','Liam Patel (+971 570 320 8646)','liam.patel@skylinegroup.com','Enterprise'),
('C-077','NorthStar Energy','Telecom','Mexico','Akash Johnson (+52 802 321 8671)','akash.johnson@northstarenergy.com','Enterprise'),
('C-078','Core Logistics','Manufacturing','United States','Olivia Miller (+1 602 100 9603)','olivia.miller@corelogistics.com','Enterprise'),
('C-079','Global Motors','Logistics','Singapore','Charlotte Reddy (+65 982 901 1878)','charlotte.reddy@globalmotors.com','Basic'),
('C-080','Atlas Labs','Retail','France','Ethan Anderson (+33 981 151 6685)','ethan.anderson@atlaslabs.com','Enterprise'),
('C-081','Core Systems','Aviation','Mexico','Priya Carter (+52 714 832 2263)','priya.carter@coresystems.com','Professional'),
('C-082','Global Enterprises','Banking','United States','Mia Evans (+1 970 767 1462)','mia.evans@globalenterprises.com','Enterprise'),
('C-083','BluePeak Group','Education','Germany','Kenji Miller (+49 455 163 7036)','kenji.miller@bluepeakgroup.com','Enterprise'),
('C-084','NorthStar Solutions','Education','Singapore','Ava Nair (+65 887 664 9854)','ava.nair@northstarsolutions.com','Professional'),
('C-085','Sterling Retail','Aviation','UAE','William Nair (+971 657 767 5648)','william.nair@sterlingretail.com','Basic'),
('C-086','Atlas Airways','Aviation','Sweden','Olivia Nair (+46 814 555 3790)','olivia.nair@atlasairways.com','Professional'),
('C-087','GreenLeaf Networks','Telecom','Germany','Oliver Patel (+49 632 556 1584)','oliver.patel@greenleafnetworks.com','Professional'),
('C-088','Velocity Energy','Education','New Zealand','Liam Silva (+64 461 550 1413)','liam.silva@velocityenergy.com','Professional'),
('C-089','Aurora Systems','Retail','Netherlands','Sneha Brown (+31 401 632 6219)','sneha.brown@aurorasystems.com','Professional'),
('C-090','BluePeak Technologies','Aviation','Japan','Ethan Silva (+81 610 544 3577)','ethan.silva@bluepeaktechnologies.com','Enterprise'),
('C-091','Synergy Networks','Retail','Japan','Ethan Tanaka (+81 430 715 3244)','ethan.tanaka@synergynetworks.com','Professional'),
('C-092','Everest Logistics','Healthcare','India','Noah Johnson (+91 237 531 2172)','noah.johnson@everestlogistics.com','Professional'),
('C-093','Velocity Labs','Healthcare','Singapore','Lucas Patel (+65 510 618 9004)','lucas.patel@velocitylabs.com','Enterprise'),
('C-094','NorthStar Group','Retail','UAE','Ethan Carter (+971 817 707 7279)','ethan.carter@northstargroup.com','Enterprise'),
('C-095','Apex Foods','Retail','Canada','William Walker (+1 573 957 6770)','william.walker@apexfoods.com','Professional'),
('C-096','NorthStar Enterprises','Telecom','United States','James Miller (+1 292 967 7963)','james.miller@northstarenterprises.com','Enterprise'),
('C-097','Nimbus Retail','Aviation','Switzerland','Charlotte Nair (+41 471 914 8119)','charlotte.nair@nimbusretail.com','Professional'),
('C-098','Global Labs','Retail','New Zealand','Arjun Johnson (+64 301 213 4304)','arjun.johnson@globallabs.com','Enterprise'),
('C-099','Vision Networks','Automotive','Sweden','Charlotte Taylor (+46 861 885 5366)','charlotte.taylor@visionnetworks.com','Enterprise'),
('C-100','Vision Manufacturing','Education','Australia','Kenji Kim (+61 525 611 1312)','kenji.kim@visionmanufacturing.com','Professional'),
('C-101','Skyline Motors','Retail','Australia','Charlotte Patel (+61 691 689 1115)','charlotte.patel@skylinemotors.com','Professional'),
('C-102','Vertex Logistics','Automotive','New Zealand','Arjun Nair (+64 290 281 6685)','arjun.nair@vertexlogistics.com','Basic'),
('C-103','Everest Group','Technology','Australia','Sofia Johnson (+61 490 301 2766)','sofia.johnson@everestgroup.com','Basic'),
('C-104','Global Healthcare','Retail','New Zealand','Sofia Tanaka (+64 751 835 1027)','sofia.tanaka@globalhealthcare.com','Professional'),
('C-105','Nimbus Manufacturing','Manufacturing','Canada','Sophia Nair (+1 621 235 2368)','sophia.nair@nimbusmanufacturing.com','Enterprise'),
('C-106','BluePeak Corporation','Education','United Kingdom','Priya Johnson (+44 571 382 1713)','priya.johnson@bluepeakcorporation.com','Enterprise'),
('C-107','Atlas Technologies','Aviation','India','Emma Bennett (+91 584 359 3230)','emma.bennett@atlastechnologies.com','Basic'),
('C-108','Fusion Manufacturing','Education','Switzerland','Kenji Bennett (+41 348 222 6300)','kenji.bennett@fusionmanufacturing.com','Professional'),
('C-109','Global Group','Banking','United Kingdom','Charlotte Nair (+44 240 474 8070)','charlotte.nair@globalgroup.com','Basic'),
('C-110','Synergy Energy','Healthcare','Singapore','Noah Brown (+65 493 825 8129)','noah.brown@synergyenergy.com','Basic'),
('C-111','Nimbus Group','Technology','Mexico','Liam Carter (+52 814 747 8357)','liam.carter@nimbusgroup.com','Basic'),
('C-112','Vision Healthcare','Healthcare','New Zealand','Ethan Anderson (+64 831 480 6821)','ethan.anderson@visionhealthcare.com','Professional'),
('C-113','Nimbus Healthcare','Aviation','South Korea','Arjun Singh (+82 466 820 1432)','arjun.singh@nimbushealthcare.com','Enterprise'),
('C-114','Sterling Enterprises','Aviation','United States','Isabella Walker (+1 890 587 5526)','isabella.walker@sterlingenterprises.com','Enterprise'),
('C-115','Skyline Holdings','Technology','UAE','James Nair (+971 793 544 8477)','james.nair@skylineholdings.com','Basic'),
('C-116','NorthStar Labs','Telecom','Brazil','William Silva (+55 652 652 6766)','william.silva@northstarlabs.com','Basic'),
('C-117','Nexus Energy','Banking','Singapore','Carlos Silva (+65 698 996 8264)','carlos.silva@nexusenergy.com','Basic'),
('C-118','Atlas Systems','Telecom','United Kingdom','Fatima Silva (+44 311 820 3754)','fatima.silva@atlassystems.com','Enterprise'),
('C-119','Quantum Industries','Banking','Japan','Priya Bennett (+81 869 559 2306)','priya.bennett@quantumindustries.com','Professional'),
('C-120','Pioneer Corporation','Logistics','UAE','Ethan Nair (+971 427 918 7200)','ethan.nair@pioneercorporation.com','Enterprise'),
('C-121','Sterling Solutions','Technology','India','Akash Johnson (+91 539 707 2200)','akash.johnson@sterlingsolutions.com','Enterprise'),
('C-122','Pioneer Foods','Logistics','Saudi Arabia','Isabella Patel (+966 670 333 7802)','isabella.patel@pioneerfoods.com','Enterprise'),
('C-123','Vertex Finance','Manufacturing','Netherlands','James Walker (+31 980 972 6111)','james.walker@vertexfinance.com','Enterprise'),
('C-124','Vision Energy','Banking','Norway','Arjun Anderson (+47 287 324 6500)','arjun.anderson@visionenergy.com','Professional'),
('C-125','Summit Solutions','Aviation','Mexico','Noah Carter (+52 694 764 4932)','noah.carter@summitsolutions.com','Basic'),
('C-126','NorthStar Logistics','Manufacturing','UAE','Arjun Sharma (+971 237 587 2023)','arjun.sharma@northstarlogistics.com','Basic'),
('C-127','Skyline Technologies','Telecom','Switzerland','James Carter (+41 704 471 6132)','james.carter@skylinetechnologies.com','Enterprise'),
('C-128','Zenith Healthcare','Telecom','Norway','Rahul Reddy (+47 968 989 1775)','rahul.reddy@zenithhealthcare.com','Enterprise'),
('C-129','Atlas Motors','Healthcare','Norway','Carlos Kumar (+47 417 547 3174)','carlos.kumar@atlasmotors.com','Enterprise'),
('C-130','Aurora Labs','Retail','Japan','Ava Johnson (+81 800 447 4405)','ava.johnson@auroralabs.com','Basic'),
('C-131','Prime Enterprises','Retail','Japan','Arjun Patel (+81 609 989 5952)','arjun.patel@primeenterprises.com','Basic'),
('C-132','Atlas Manufacturing','Technology','Saudi Arabia','Kenji Walker (+966 229 347 9584)','kenji.walker@atlasmanufacturing.com','Basic'),
('C-133','Apex Systems','Automotive','Norway','Maria Carter (+47 502 850 6743)','maria.carter@apexsystems.com','Enterprise'),
('C-134','Pioneer Labs','Automotive','United Kingdom','Fatima Kim (+44 624 605 4870)','fatima.kim@pioneerlabs.com','Enterprise'),
('C-135','Orbit Systems','Telecom','Germany','Olivia Anderson (+49 741 756 4157)','olivia.anderson@orbitsystems.com','Basic'),
('C-136','Nova Systems','Telecom','France','William Kumar (+33 523 830 9249)','william.kumar@novasystems.com','Professional'),
('C-137','Global Networks','Education','Netherlands','Arjun Wilson (+31 446 942 5731)','arjun.wilson@globalnetworks.com','Enterprise'),
('C-138','NorthStar Systems','Logistics','India','Liam Tanaka (+91 397 259 9855)','liam.tanaka@northstarsystems.com','Professional'),
('C-139','Synergy Digital','Banking','Canada','Rahul Taylor (+1 457 968 8269)','rahul.taylor@synergydigital.com','Professional'),
('C-140','Nexus Healthcare','Manufacturing','Germany','Priya Kumar (+49 492 205 5242)','priya.kumar@nexushealthcare.com','Professional'),
('C-141','Orbit Retail','Banking','France','Maria Johnson (+33 880 844 9763)','maria.johnson@orbitretail.com','Enterprise'),
('C-142','Nimbus Corporation','Healthcare','New Zealand','Kenji Bennett (+64 826 602 5902)','kenji.bennett@nimbuscorporation.com','Enterprise'),
('C-143','Vertex Foods','Banking','United Kingdom','Keerthi Anderson (+44 433 421 1861)','keerthi.anderson@vertexfoods.com','Professional'),
('C-144','Everest Networks','Education','Australia','Yuki Walker (+61 574 817 7691)','yuki.walker@everestnetworks.com','Professional'),
('C-145','Everest Energy','Logistics','Australia','Ethan Wilson (+61 535 402 3560)','ethan.wilson@everestenergy.com','Enterprise'),
('C-146','Fusion Group','Aviation','UAE','Priya Nair (+971 411 512 5495)','priya.nair@fusiongroup.com','Professional'),
('C-147','Skyline Solutions','Education','Netherlands','Emma Singh (+31 520 198 6939)','emma.singh@skylinesolutions.com','Professional'),
('C-148','Orbit Energy','Manufacturing','New Zealand','Sneha Singh (+64 318 756 2951)','sneha.singh@orbitenergy.com','Basic'),
('C-149','Core Motors','Education','France','Carlos Walker (+33 684 123 9978)','carlos.walker@coremotors.com','Enterprise'),
('C-150','Sterling Digital','Manufacturing','UAE','Ava Johnson (+971 639 161 4238)','ava.johnson@sterlingdigital.com','Basic'),
('C-151','Nexus Finance','Telecom','India','Kenji Brown (+91 351 117 7620)','kenji.brown@nexusfinance.com','Professional'),
('C-152','Nimbus Digital','Automotive','Netherlands','William Walker (+31 615 881 9438)','william.walker@nimbusdigital.com','Basic'),
('C-153','BluePeak Manufacturing','Education','South Korea','Fatima Wilson (+82 645 477 1137)','fatima.wilson@bluepeakmanufacturing.com','Professional'),
('C-154','GreenLeaf Foods','Banking','South Korea','James Patel (+82 466 634 4934)','james.patel@greenleaffoods.com','Basic'),
('C-155','Skyline Energy','Healthcare','South Africa','Keerthi Bennett (+27 932 171 1322)','keerthi.bennett@skylineenergy.com','Enterprise'),
('C-156','Synergy Finance','Manufacturing','United Kingdom','Sneha Johnson (+44 266 889 7210)','sneha.johnson@synergyfinance.com','Professional'),
('C-157','Vision Enterprises','Logistics','South Korea','Liam Bennett (+82 882 394 5146)','liam.bennett@visionenterprises.com','Professional'),
('C-158','Global Industries','Retail','Brazil','Keerthi Johnson (+55 886 655 6410)','keerthi.johnson@globalindustries.com','Professional'),
('C-159','Global Retail','Manufacturing','UAE','William Taylor (+971 244 478 1983)','william.taylor@globalretail.com','Professional'),
('C-160','GreenLeaf Enterprises','Telecom','New Zealand','Olivia Wilson (+64 345 602 1790)','olivia.wilson@greenleafenterprises.com','Basic'),
('C-161','Global Solutions','Manufacturing','Canada','Rahul Patel (+1 223 639 9957)','rahul.patel@globalsolutions.com','Basic'),
('C-162','BluePeak Industries','Healthcare','Switzerland','Arjun Johnson (+41 394 219 8658)','arjun.johnson@bluepeakindustries.com','Enterprise'),
('C-163','NorthStar Digital','Technology','South Korea','Akash Taylor (+82 266 698 5064)','akash.taylor@northstardigital.com','Professional'),
('C-164','Summit Logistics','Telecom','India','Arjun Bennett (+91 908 183 6931)','arjun.bennett@summitlogistics.com','Enterprise'),
('C-165','Pioneer Industries','Banking','Saudi Arabia','Isabella Carter (+966 775 273 5175)','isabella.carter@pioneerindustries.com','Professional'),
('C-166','Apex Energy','Logistics','India','Noah Brown (+91 614 238 8815)','noah.brown@apexenergy.com','Enterprise'),
('C-167','GreenLeaf Group','Banking','Mexico','Keerthi Garcia (+52 235 246 7574)','keerthi.garcia@greenleafgroup.com','Enterprise'),
('C-168','Everest Retail','Aviation','New Zealand','Ethan Patel (+64 928 717 2376)','ethan.patel@everestretail.com','Basic'),
('C-169','Global Digital','Aviation','Brazil','Isabella Reddy (+55 996 419 4414)','isabella.reddy@globaldigital.com','Enterprise'),
('C-170','Prime Networks','Healthcare','United Kingdom','Lucas Tanaka (+44 974 802 2311)','lucas.tanaka@primenetworks.com','Enterprise'),
('C-171','Aurora Motors','Logistics','South Korea','Arjun Johnson (+82 255 203 4158)','arjun.johnson@auroramotors.com','Enterprise'),
('C-172','Global Manufacturing','Aviation','Australia','Priya Wilson (+61 223 210 5890)','priya.wilson@globalmanufacturing.com','Enterprise'),
('C-173','Core Group','Banking','Australia','Arjun Johnson (+61 828 273 5761)','arjun.johnson@coregroup.com','Professional'),
('C-174','GreenLeaf Solutions','Education','Mexico','Ahmed Anderson (+52 527 726 4063)','ahmed.anderson@greenleafsolutions.com','Professional'),
('C-175','Orbit Networks','Manufacturing','Canada','Akash Sharma (+1 229 795 9120)','akash.sharma@orbitnetworks.com','Enterprise'),
('C-176','Vision Solutions','Healthcare','United States','William Evans (+1 991 980 6705)','william.evans@visionsolutions.com','Basic'),
('C-177','BluePeak Foods','Technology','Mexico','Ethan Carter (+52 655 677 8393)','ethan.carter@bluepeakfoods.com','Basic'),
('C-178','Nova Solutions','Logistics','Australia','Maria Bennett (+61 743 860 2660)','maria.bennett@novasolutions.com','Basic'),
('C-179','Orbit Logistics','Technology','United Kingdom','Noah Carter (+44 964 990 8377)','noah.carter@orbitlogistics.com','Basic'),
('C-180','BluePeak Retail','Manufacturing','Germany','Emma Evans (+49 692 819 3286)','emma.evans@bluepeakretail.com','Basic'),
('C-181','Aurora Energy','Banking','France','Kenji Singh (+33 409 600 1407)','kenji.singh@auroraenergy.com','Basic'),
('C-182','Apex Group','Aviation','Brazil','Carlos Wilson (+55 848 636 2863)','carlos.wilson@apexgroup.com','Enterprise'),
('C-183','Nova Enterprises','Aviation','Switzerland','Isabella Brown (+41 607 150 4102)','isabella.brown@novaenterprises.com','Basic'),
('C-184','Prime Foods','Manufacturing','Saudi Arabia','Liam Johnson (+966 875 138 1730)','liam.johnson@primefoods.com','Professional'),
('C-185','Nova Airways','Technology','France','William Johnson (+33 922 473 1643)','william.johnson@novaairways.com','Basic'),
('C-186','BluePeak Logistics','Logistics','India','Rahul Sharma (+91 871 422 4331)','rahul.sharma@bluepeaklogistics.com','Enterprise'),
('C-187','Atlas Holdings','Logistics','UAE','Noah Kumar (+971 481 308 8038)','noah.kumar@atlasholdings.com','Basic'),
('C-188','GreenLeaf Logistics','Manufacturing','South Korea','Ava Evans (+82 966 666 3709)','ava.evans@greenleaflogistics.com','Professional'),
('C-189','Orbit Industries','Education','Brazil','Priya Singh (+55 368 775 4310)','priya.singh@orbitindustries.com','Enterprise'),
('C-190','Fusion Energy','Automotive','New Zealand','Carlos Singh (+64 668 886 2653)','carlos.singh@fusionenergy.com','Enterprise'),
('C-191','Nova Foods','Education','UAE','Sophia Johnson (+971 684 352 5951)','sophia.johnson@novafoods.com','Enterprise'),
('C-192','Nexus Technologies','Logistics','United States','Carlos Sharma (+1 560 704 3991)','carlos.sharma@nexustechnologies.com','Enterprise'),
('C-193','Vision Holdings','Banking','United States','Ava Walker (+1 266 975 7987)','ava.walker@visionholdings.com','Basic'),
('C-194','Sterling Airways','Telecom','Mexico','Carlos Evans (+52 392 767 6463)','carlos.evans@sterlingairways.com','Professional'),
('C-195','Vision Labs','Technology','Japan','Noah Kim (+81 290 341 3580)','noah.kim@visionlabs.com','Enterprise'),
('C-196','Nexus Logistics','Logistics','France','Arjun Singh (+33 689 982 1524)','arjun.singh@nexuslogistics.com','Professional'),
('C-197','Skyline Retail','Aviation','Mexico','William Brown (+52 473 276 8630)','william.brown@skylineretail.com','Enterprise'),
('C-198','Quantum Group','Aviation','Mexico','Fatima Kumar (+52 826 632 2023)','fatima.kumar@quantumgroup.com','Basic'),
('C-199','Quantum Finance','Banking','Australia','Noah Miller (+61 252 202 6110)','noah.miller@quantumfinance.com','Basic'),
('C-200','Vision Corporation','Retail','UAE','Daniel Evans (+971 275 564 6350)','daniel.evans@visioncorporation.com','Professional'),
('C-201','Nimbus Industries','Retail','Singapore','Liam Garcia (+65 788 519 1021)','liam.garcia@nimbusindustries.com','Enterprise'),
('C-202','Skyline Manufacturing','Retail','United States','James Nair (+1 588 271 9453)','james.nair@skylinemanufacturing.com','Enterprise'),
('C-203','Quantum Motors','Education','Norway','Mia Singh (+47 703 228 3965)','mia.singh@quantummotors.com','Basic'),
('C-204','Skyline Industries','Retail','Norway','Isabella Johnson (+47 691 474 8629)','isabella.johnson@skylineindustries.com','Professional'),
('C-205','GreenLeaf Systems','Retail','United Kingdom','Keerthi Brown (+44 229 649 2922)','keerthi.brown@greenleafsystems.com','Professional'),
('C-206','Zenith Energy','Aviation','Germany','Priya Reddy (+49 716 577 8391)','priya.reddy@zenithenergy.com','Enterprise'),
('C-207','Synergy Labs','Manufacturing','Netherlands','William Bennett (+31 354 587 4889)','william.bennett@synergylabs.com','Enterprise'),
('C-208','Nova Manufacturing','Banking','New Zealand','Ava Carter (+64 370 492 6473)','ava.carter@novamanufacturing.com','Basic'),
('C-209','Prime Industries','Education','Australia','Oliver Patel (+61 932 533 7387)','oliver.patel@primeindustries.com','Basic'),
('C-210','Zenith Holdings','Banking','Germany','Arjun Walker (+49 816 496 1162)','arjun.walker@zenithholdings.com','Enterprise'),
('C-211','Everest Corporation','Logistics','United Kingdom','Rahul Patel (+44 452 364 5421)','rahul.patel@everestcorporation.com','Enterprise'),
('C-212','Quantum Energy','Education','Japan','Priya Carter (+81 346 829 8622)','priya.carter@quantumenergy.com','Enterprise'),
('C-213','Synergy Technologies','Logistics','Netherlands','Emma Reddy (+31 257 289 6515)','emma.reddy@synergytechnologies.com','Basic'),
('C-214','Zenith Digital','Healthcare','United States','Isabella Bennett (+1 283 295 9834)','isabella.bennett@zenithdigital.com','Enterprise'),
('C-215','Skyline Healthcare','Technology','South Africa','Mia Silva (+27 486 271 6146)','mia.silva@skylinehealthcare.com','Basic'),
('C-216','Summit Technologies','Technology','New Zealand','James Evans (+64 898 822 7686)','james.evans@summittechnologies.com','Enterprise'),
('C-217','Atlas Finance','Manufacturing','United Kingdom','Arjun Sharma (+44 568 547 1368)','arjun.sharma@atlasfinance.com','Enterprise'),
('C-218','Zenith Motors','Retail','Australia','Yuki Silva (+61 892 200 9649)','yuki.silva@zenithmotors.com','Basic'),
('C-219','Velocity Retail','Banking','Germany','Sofia Tanaka (+49 482 181 8838)','sofia.tanaka@velocityretail.com','Enterprise'),
('C-220','Sterling Labs','Banking','Sweden','Arjun Kim (+46 214 796 6136)','arjun.kim@sterlinglabs.com','Enterprise'),
('C-221','BluePeak Airways','Aviation','Canada','Lucas Kim (+1 781 768 7081)','lucas.kim@bluepeakairways.com','Professional'),
('C-222','Nimbus Labs','Technology','Saudi Arabia','Oliver Sharma (+966 398 569 4083)','oliver.sharma@nimbuslabs.com','Enterprise'),
('C-223','Prime Labs','Technology','Mexico','Isabella Silva (+52 468 203 6383)','isabella.silva@primelabs.com','Basic'),
('C-224','Nexus Digital','Retail','Singapore','Fatima Reddy (+65 202 870 2557)','fatima.reddy@nexusdigital.com','Basic'),
('C-225','Nova Group','Banking','South Africa','Mia Nair (+27 232 820 5269)','mia.nair@novagroup.com','Basic'),
('C-226','Sterling Holdings','Technology','Norway','Ahmed Reddy (+47 362 248 1759)','ahmed.reddy@sterlingholdings.com','Professional'),
('C-227','Atlas Healthcare','Retail','Japan','Maria Wilson (+81 632 656 4197)','maria.wilson@atlashealthcare.com','Enterprise'),
('C-228','Vision Digital','Banking','Singapore','James Silva (+65 229 444 7603)','james.silva@visiondigital.com','Enterprise'),
('C-229','Zenith Finance','Banking','South Africa','Daniel Taylor (+27 643 384 5229)','daniel.taylor@zenithfinance.com','Enterprise'),
('C-230','Nimbus Systems','Healthcare','Canada','Isabella Wilson (+1 477 326 6081)','isabella.wilson@nimbussystems.com','Professional'),
('C-231','Nexus Systems','Telecom','United States','Carlos Patel (+1 264 920 1064)','carlos.patel@nexussystems.com','Basic'),
('C-232','Prime Retail','Manufacturing','Netherlands','Daniel Tanaka (+31 261 975 5128)','daniel.tanaka@primeretail.com','Enterprise'),
('C-233','Vertex Healthcare','Automotive','Sweden','Arjun Silva (+46 513 414 8891)','arjun.silva@vertexhealthcare.com','Enterprise'),
('C-234','Nova Healthcare','Aviation','UAE','Rahul Singh (+971 656 739 2380)','rahul.singh@novahealthcare.com','Enterprise'),
('C-235','Velocity Manufacturing','Telecom','United Kingdom','Ethan Kumar (+44 846 935 8346)','ethan.kumar@velocitymanufacturing.com','Basic'),
('C-236','Pioneer Group','Manufacturing','Canada','Lucas Johnson (+1 999 333 7476)','lucas.johnson@pioneergroup.com','Enterprise'),
('C-237','GreenLeaf Motors','Education','Singapore','William Sharma (+65 607 791 4280)','william.sharma@greenleafmotors.com','Basic'),
('C-238','Core Enterprises','Telecom','Singapore','Mia Kumar (+65 545 309 9435)','mia.kumar@coreenterprises.com','Enterprise'),
('C-239','Summit Healthcare','Manufacturing','United States','James Singh (+1 681 648 9988)','james.singh@summithealthcare.com','Basic'),
('C-240','Orbit Technologies','Telecom','Japan','James Sharma (+81 587 671 2190)','james.sharma@orbittechnologies.com','Basic'),
('C-241','Aurora Digital','Telecom','Norway','Olivia Garcia (+47 597 755 4777)','olivia.garcia@auroradigital.com','Basic'),
('C-242','Synergy Airways','Telecom','Netherlands','Oliver Evans (+31 824 208 1979)','oliver.evans@synergyairways.com','Enterprise'),
('C-243','Skyline Systems','Retail','South Africa','Isabella Wilson (+27 571 537 2390)','isabella.wilson@skylinesystems.com','Professional'),
('C-244','Pioneer Retail','Manufacturing','United Kingdom','Carlos Miller (+44 648 848 8258)','carlos.miller@pioneerretail.com','Basic'),
('C-245','Orbit Finance','Technology','South Korea','Yuki Singh (+82 608 183 3711)','yuki.singh@orbitfinance.com','Basic'),
('C-246','Atlas Industries','Logistics','United States','Daniel Bennett (+1 829 265 6509)','daniel.bennett@atlasindustries.com','Enterprise'),
('C-247','Zenith Airways','Retail','Germany','Sneha Patel (+49 334 273 9208)','sneha.patel@zenithairways.com','Enterprise'),
('C-248','Summit Motors','Banking','South Korea','James Kumar (+82 237 605 3241)','james.kumar@summitmotors.com','Basic'),
('C-249','Prime Digital','Automotive','Brazil','Kenji Silva (+55 209 241 7405)','kenji.silva@primedigital.com','Basic'),
('C-250','Skyline Airways','Retail','Brazil','Olivia Brown (+55 362 688 9434)','olivia.brown@skylineairways.com','Basic');

-- RELEASES
INSERT INTO releases (product_id,release_number,version,release_date,release_notes) VALUES
('MOKO-001',6000,'v1','2024-01-15','Release 6000 v1'),
('MOKO-001',6000,'v2','2024-02-01','Release 6000 v2'),
('MOKO-001',6000,'v3','2024-02-20','Release 6000 v3'),
('MOKO-001',6001,'v1','2024-03-15','Release 6001 v1'),
('MOKO-001',6001,'v2','2024-04-10','Release 6001 v2'),
('MOKO-001',6002,'v1','2024-05-05','Release 6002 v1'),
('MOKO-001',6002,'v2','2024-06-10','Release 6002 v2'),
('MOKO-001',6003,'v1','2024-08-01','Release 6003 v1'),
('MOKO-001',6004,'v1','2024-10-01','Release 6004 v1'),
('MOKO-001',6005,'v1','2024-12-01','Release 6005 v1'),
('MOKO-002',6000,'v1','2024-01-15','Release 6000 v1'),
('MOKO-002',6000,'v2','2024-02-01','Release 6000 v2'),
('MOKO-002',6000,'v3','2024-02-20','Release 6000 v3'),
('MOKO-002',6001,'v1','2024-03-15','Release 6001 v1'),
('MOKO-002',6001,'v2','2024-04-10','Release 6001 v2'),
('MOKO-002',6002,'v1','2024-05-05','Release 6002 v1'),
('MOKO-002',6002,'v2','2024-06-10','Release 6002 v2'),
('MOKO-002',6003,'v1','2024-08-01','Release 6003 v1'),
('MOKO-002',6004,'v1','2024-10-01','Release 6004 v1'),
('MOKO-002',6005,'v1','2024-12-01','Release 6005 v1'),
('MOKO-003',6000,'v1','2024-01-15','Release 6000 v1'),
('MOKO-003',6000,'v2','2024-02-01','Release 6000 v2'),
('MOKO-003',6000,'v3','2024-02-20','Release 6000 v3'),
('MOKO-003',6001,'v1','2024-03-15','Release 6001 v1'),
('MOKO-003',6001,'v2','2024-04-10','Release 6001 v2'),
('MOKO-003',6002,'v1','2024-05-05','Release 6002 v1'),
('MOKO-003',6002,'v2','2024-06-10','Release 6002 v2'),
('MOKO-003',6003,'v1','2024-08-01','Release 6003 v1'),
('MOKO-003',6004,'v1','2024-10-01','Release 6004 v1'),
('MOKO-003',6005,'v1','2024-12-01','Release 6005 v1'),
('MOKO-004',6000,'v1','2024-01-15','Release 6000 v1'),
('MOKO-004',6000,'v2','2024-02-01','Release 6000 v2'),
('MOKO-004',6000,'v3','2024-02-20','Release 6000 v3'),
('MOKO-004',6001,'v1','2024-03-15','Release 6001 v1'),
('MOKO-004',6001,'v2','2024-04-10','Release 6001 v2'),
('MOKO-004',6002,'v1','2024-05-05','Release 6002 v1'),
('MOKO-004',6002,'v2','2024-06-10','Release 6002 v2'),
('MOKO-004',6003,'v1','2024-08-01','Release 6003 v1'),
('MOKO-004',6004,'v1','2024-10-01','Release 6004 v1'),
('MOKO-004',6005,'v1','2024-12-01','Release 6005 v1'),
('MOKO-005',6000,'v1','2024-01-15','Release 6000 v1'),
('MOKO-005',6000,'v2','2024-02-01','Release 6000 v2'),
('MOKO-005',6000,'v3','2024-02-20','Release 6000 v3'),
('MOKO-005',6001,'v1','2024-03-15','Release 6001 v1'),
('MOKO-005',6001,'v2','2024-04-10','Release 6001 v2'),
('MOKO-005',6002,'v1','2024-05-05','Release 6002 v1'),
('MOKO-005',6002,'v2','2024-06-10','Release 6002 v2'),
('MOKO-005',6003,'v1','2024-08-01','Release 6003 v1'),
('MOKO-005',6004,'v1','2024-10-01','Release 6004 v1'),
('MOKO-005',6005,'v1','2024-12-01','Release 6005 v1');

-- KNOWLEDGE BASE
INSERT INTO knowledge_base (kb_id,module_id,article_title,article_content,author) VALUES
('KB-001','MOD-001','Article 1','Knowledge base article 1','Support Team'),
('KB-002','MOD-002','Article 2','Knowledge base article 2','Support Team'),
('KB-003','MOD-003','Article 3','Knowledge base article 3','Support Team'),
('KB-004','MOD-004','Article 4','Knowledge base article 4','Support Team'),
('KB-005','MOD-005','Article 5','Knowledge base article 5','Support Team'),
('KB-006','MOD-006','Article 6','Knowledge base article 6','Support Team'),
('KB-007','MOD-007','Article 7','Knowledge base article 7','Support Team'),
('KB-008','MOD-008','Article 8','Knowledge base article 8','Support Team'),
('KB-009','MOD-009','Article 9','Knowledge base article 9','Support Team'),
('KB-010','MOD-010','Article 10','Knowledge base article 10','Support Team'),
('KB-011','MOD-011','Article 11','Knowledge base article 11','Support Team'),
('KB-012','MOD-012','Article 12','Knowledge base article 12','Support Team'),
('KB-013','MOD-013','Article 13','Knowledge base article 13','Support Team'),
('KB-014','MOD-014','Article 14','Knowledge base article 14','Support Team'),
('KB-015','MOD-015','Article 15','Knowledge base article 15','Support Team'),
('KB-016','MOD-016','Article 16','Knowledge base article 16','Support Team'),
('KB-017','MOD-017','Article 17','Knowledge base article 17','Support Team'),
('KB-018','MOD-018','Article 18','Knowledge base article 18','Support Team'),
('KB-019','MOD-019','Article 19','Knowledge base article 19','Support Team'),
('KB-020','MOD-020','Article 20','Knowledge base article 20','Support Team'),
('KB-021','MOD-021','Article 21','Knowledge base article 21','Support Team'),
('KB-022','MOD-022','Article 22','Knowledge base article 22','Support Team'),
('KB-023','MOD-023','Article 23','Knowledge base article 23','Support Team'),
('KB-024','MOD-024','Article 24','Knowledge base article 24','Support Team'),
('KB-025','MOD-025','Article 25','Knowledge base article 25','Support Team');
